rank	ID	score
1	iehn	4107.583333333334
2	sumoru	2384.0
3	karasuex54	1792.25
4	hdnkt	537.6666666666666
5	E869120	272.0
6	unsre	220.0
